{"accuracy": 0.41005292534828186, "loss": 1.5912544214536273, "_runtime": 138, "_timestamp": 1629960250, "_step": 5}