{"accuracy": 0.08068782836198807, "loss": 3.747973444095995, "F1": 0.1288892775774002, "_runtime": 512, "_timestamp": 1629962328, "_step": 21}