{"accuracy": 0.5375000238418579, "loss": 1.4232990438403148, "F1": 0.2752637565135956, "_runtime": 131, "_timestamp": 1629961638, "_step": 4, "_wandb": {"runtime": 130}}